{
  "resource_pack_name": "vanilla",
  "texture_name": "atlas.items",
  "texture_data": {
    "spawn_egg": {
      "textures": [
        "textures/items/egg_chicken",
        "textures/items/egg_cow",
        "textures/items/egg_pig",
        "textures/items/egg_sheep",
        "textures/items/egg_wolf",
        "textures/items/egg_mushroomcow",
        "textures/items/egg_creeper",
        "textures/items/egg_enderman",
        "textures/items/egg_silverfish",
        "textures/items/egg_skeleton",
        "textures/items/egg_slime",
        "textures/items/egg_spider",
        "textures/items/egg_zombie",
        "textures/items/egg_pigzombie",
        "textures/items/egg_villager",
        "textures/items/egg_squid",
        "textures/items/egg_ocelot",
        "textures/items/egg_witch",
        "textures/items/egg_bat",
        "textures/items/egg_ghast",
        "textures/items/egg_lava_slime",
        "textures/items/egg_blaze",
        "textures/items/egg_cave_spider",
        "textures/items/egg_horse",
        "textures/items/egg_rabbit",
        "textures/items/egg_endermite",
        "textures/items/egg_guardian",
        "textures/items/egg_stray",
        "textures/items/egg_husk",
        "textures/items/egg_wither",
        "textures/items/egg_donkey",
        "textures/items/egg_mule",
        "textures/items/egg_skeletonhorse",
        "textures/items/egg_zombiehorse",
        "textures/items/egg_shulker",
        "textures/items/egg_npc",
        "textures/items/egg_elderguardian",
        "textures/items/egg_polarbear",
        "textures/items/egg_llama",
        "textures/items/egg_vindicator",
        "textures/items/egg_evoker",
        "textures/items/egg_vex",
        "textures/items/egg_zombievillager",
        "textures/items/egg_parrot",
        "textures/items/egg_clownfish",
        "textures/items/egg_cod",
        "textures/items/egg_pufferfish",
        "textures/items/egg_salmon",
        "textures/items/egg_drowned",
        "textures/items/egg_dolphin",
        "textures/items/egg_turtle",
        "textures/items/egg_phantom",
        "textures/items/egg_agent",
        "textures/items/egg_cat",
        "textures/items/egg_panda",
        "textures/items/egg_fox",
        "textures/items/egg_pillager",
        "textures/items/egg_ravager",
        "textures/items/egg_null",
        "textures/items/egg_mask",
        "textures/items/egg_hoglin",
        "textures/items/egg_piglinbrute",
        "textures/items/egg_piglin",
        "textures/items/egg_strider",
        "textures/items/egg_zoglin"
      ]
    }
  }
}